{"chunk_definitions":[{"row":15,"row_count":1,"visible":true,"expansion_state":0,"options":{"engine":"r","label":"setup","include":false,"dev":"png"},"document_id":"B7450D02","chunk_id":"csetup_chunk","chunk_label":"setup"},{"row":31,"row_count":1,"visible":true,"expansion_state":0,"options":{"engine":"r","label":"unnamed-chunk-31","dev":"png"},"document_id":"53C10BBE","chunk_id":"cg3o3w1c7c6x5","chunk_label":"unnamed-chunk-1"},{"row":65,"row_count":1,"visible":true,"expansion_state":0,"options":{"engine":"r","label":"unnamed-chunk-32","dev":"png"},"document_id":"B7450D02","chunk_id":"cp9mvn7g648x1","chunk_label":"unnamed-chunk-2"},{"row":113,"row_count":1,"visible":true,"expansion_state":0,"options":{"engine":"r","label":"unnamed-chunk-33","dev":"png"},"document_id":"B7450D02","chunk_id":"clrg26o9n2e3r","chunk_label":"unnamed-chunk-3"},{"row":124,"row_count":1,"visible":true,"expansion_state":0,"options":{"engine":"r","label":"unnamed-chunk-35","dev":"png"},"document_id":"53C10BBE","chunk_id":"cvbptz4tbxqnk","chunk_label":"unnamed-chunk-4"},{"row":131,"row_count":1,"visible":true,"expansion_state":0,"options":{"engine":"r","label":"unnamed-chunk-30","dev":"png"},"document_id":"B7450D02","chunk_id":"co70wwgwbhep8","chunk_label":"unnamed-chunk-5"},{"row":155,"row_count":1,"visible":true,"expansion_state":0,"options":{"engine":"r","label":"unnamed-chunk-12","dev":"png"},"document_id":"53C10BBE","chunk_id":"csr2vv51kpvbu","chunk_label":"unnamed-chunk-6"},{"row":181,"row_count":1,"visible":true,"expansion_state":0,"options":{"engine":"r","label":"unnamed-chunk-20","dev":"png"},"document_id":"53C10BBE","chunk_id":"c2xv3ot8nqb62","chunk_label":"unnamed-chunk-7"}],"doc_write_time":1708057621,"working_dir":null,"default_chunk_options":{"echo":true},"chunk_rendered_width":700}