"0","un_plot <- un_3 %>% select( Major_Area, origin_country, migrants) 

#format the data as numeric
un_plot$migrants <- as.numeric(gsub("","","""",un_plot$migrants))
"
"2","Warning: NAs introduced by coercion"
"0",""
"0",""
"0","# Create the image to explore."
"0","img <- ggplot(data = un_plot, aes(x = Major_Area, y = migrants)) +geom_bar(stat = ""identity"", fill = ""skyblue"") +"
"0","  labs(x = ""Destination Area"", y = ""Number of Migrants"", title = ""Number of Migrants by Destination Area"") +"
"0","  theme(axis.text.x = element_text(size = 3, angle = 90, hjust = 1)) "
"0",""
"0","img"
