{"chunk_definitions":[{"row":20,"row_count":1,"visible":true,"expansion_state":0,"options":{"engine":"r","label":"setup","include":false,"dev":"png"},"document_id":"39B41C26","chunk_id":"csetup_chunk","chunk_label":"setup"},{"row":33,"row_count":1,"visible":true,"expansion_state":0,"options":{"engine":"r","label":"unnamed-chunk-1","dev":"png"},"document_id":"39B41C26","chunk_id":"coh6pnif2yat2","chunk_label":"unnamed-chunk-1"},{"row":56,"row_count":1,"visible":true,"expansion_state":0,"options":{"engine":"r","label":"unnamed-chunk-19","dev":"png"},"document_id":"39B41C26","chunk_id":"cdpp9qbst4oe7","chunk_label":"unnamed-chunk-2"},{"row":73,"row_count":1,"visible":true,"expansion_state":0,"options":{"engine":"r","label":"unnamed-chunk-20","dev":"png"},"document_id":"39B41C26","chunk_id":"cyj6wocs0dcss","chunk_label":"unnamed-chunk-3"},{"row":92,"row_count":1,"visible":true,"expansion_state":0,"options":{"engine":"r","label":"unnamed-chunk-22","dev":"png"},"document_id":"39B41C26","chunk_id":"ctnlqnufm2c9j","chunk_label":"unnamed-chunk-4"},{"row":147,"row_count":1,"visible":true,"expansion_state":0,"options":{"engine":"r","label":"unnamed-chunk-33","dev":"png"},"document_id":"39B41C26","chunk_id":"crgmmblkuyy18","chunk_label":"unnamed-chunk-7"},{"row":197,"row_count":1,"visible":true,"expansion_state":0,"options":{"engine":"r","label":"unnamed-chunk-44","dev":"png"},"document_id":"39B41C26","chunk_id":"csvdt3tgchl0t","chunk_label":"unnamed-chunk-8"},{"row":236,"row_count":1,"visible":true,"expansion_state":0,"options":{"engine":"r","label":"unnamed-chunk-37","dev":"png"},"document_id":"39B41C26","chunk_id":"cne6pe847qsar","chunk_label":"unnamed-chunk-9"},{"row":299,"row_count":1,"visible":true,"expansion_state":0,"options":{"engine":"r","label":"unnamed-chunk-47","dev":"png"},"document_id":"39B41C26","chunk_id":"c6e2n3vmg88nr","chunk_label":"unnamed-chunk-10"},{"row":340,"row_count":1,"visible":true,"expansion_state":0,"options":{"engine":"r","label":"unnamed-chunk-48","dev":"png"},"document_id":"39B41C26","chunk_id":"clqgivlaz2x0x","chunk_label":"unnamed-chunk-11"}],"doc_write_time":1707457511,"chunk_rendered_width":612,"working_dir":null,"default_chunk_options":{"echo":true}}