{"chunk_definitions":[{"row":17,"row_count":1,"visible":true,"expansion_state":0,"options":{"engine":"r","label":"setup","include":false,"dev":"png"},"document_id":"39B41C26","chunk_id":"csetup_chunk","chunk_label":"setup"},{"row":53,"row_count":1,"visible":true,"expansion_state":0,"options":{"engine":"r","label":"unnamed-chunk-15","dev":"png"},"document_id":"39B41C26","chunk_id":"cdpp9qbst4oe7","chunk_label":"unnamed-chunk-2"},{"row":101,"row_count":1,"visible":true,"expansion_state":0,"options":{"engine":"r","label":"unnamed-chunk-12","dev":"png"},"document_id":"39B41C26","chunk_id":"c3b01cbdp98mg","chunk_label":"unnamed-chunk-5"}],"doc_write_time":1707435277,"working_dir":null,"default_chunk_options":{"echo":true},"chunk_rendered_width":678}