"0","# Sort the data by the ""migrants"" column in descending order
un_plot2 <- un_3 %>% 
  select(Region, origin_country, migrants) %>%
  arrange(desc(migrants))

# Convert the data to numeric format
un_plot2$migrants <- as.numeric(gsub("","", """", un_plot2$migrants))
"
"2","Warning: NAs introduced by coercion"
"0",""
"0","# Create the chart"
"0","img2 <- ggplot(data = un_plot2, aes(x = reorder(Region, -migrants), y = migrants)) +"
"0","  geom_bar(stat = ""identity"", fill = ""skyblue"") +"
"0","  labs(x = ""Destination Area"", y = ""Number of Migrants"", title = ""Number of Migrants by Destination Area2"") +"
"0","  theme(axis.text.x = element_text(size = 3, angle = 90, hjust = 1)) "
"0",""
"0","img2"
